,SMILES,HOMO,LUMO
0,"Cc1ccc(-c2c3cc(-c4ccc(-c5sc(-c6cccs6)c6cc(S(C)(=O)=O)sc65)s4)sc3c(-c3ccc(C)s3)c3ccsc32)s1
",-0.17,-0.118
1,"CN1c2ccccc2C(=C2c3ccc(-c4cccs4)cc3N(C)C2=O)C1=O
",-0.183,-0.135
2,"Cc1cc(-c2cc3c4nsnc4c(-c4cc(C)c(-c5cccs5)s4)cc3c3nsnc32)sc1-c1cccs1
",-0.173,-0.133
3,"Cn1c2ccccc2c2ccc(-c3ccc(-c4ccc(C5=C(c6ccccc6)C(c6ccccc6)=C(c6ccc(-c7cccs7)s6)[Si]5(C)C)s4)s3)cc21
",-0.158,-0.112
4,"Cc1cc(-c2c3cc(-c4cccs4)sc3c(-c3cc(C)c(C)s3)c3cc(-c4ccc(-c5ccc6c(c5F)N(C)C(=O)C6=C5c6cccc(F)c6N(C)C5=O)s4)sc32)sc1C
",-0.17,-0.137
5,"C#Cc1cc(OC)c(C#Cc2scc3nc(-c4ccccc4)c(-c4ccccc4)nc32)cc1OC
",-0.175,-0.121
6,"Cc1csc(-c2ccc(-c3cc(C)c(-c4cc5c(s4)c(-c4ccc(C)cc4)c4ccsc4c5-c4ccc(C)cc4)s3)c3nsnc32)c1
",-0.169,-0.125
7,"CC1=CC(c2cc(C)c(-c3ccc(-c4sc(-c5nc(C)c(-c6cccs6)s5)nc4C)s3)s2)=S=C1
",-0.168,-0.111
8,"CN1C(=O)C2=C(c3ccc(-c4ccc(C(F)(F)F)cc4)s3)N(C)C(=O)C2=C1c1ccc(-c2ccc(C(F)(F)F)cc2)s1
",-0.178,-0.136
9,"CC1(C)c2ccccc2-c2ccc(N(c3ccc(-c4ccc(-c5ccc(C=CC=C(C#N)C(=O)O)s5)s4)cc3)c3ccc4c(c3)C(C)(C)c3ccccc3-4)cc21
",-0.172,-0.131
10,"C=Cc1ccc(N(c2ccccc2)c2ccc(-c3ccc(C=C4SC(=S)N(CC(=O)O)C4=O)s3)cc2)cc1
",-0.179,-0.126
11,"N#CC(=Cc1ccc(-c2ccc(-c3ccc(N(c4ccccc4)c4ccccc4)cc3)s2)s1)C(=O)O
",-0.178,-0.128
12,"Cc1cc[se]c1
",-0.204,-0.049
13,"Cc1nc(-c2nc(C)c(-c3ccc(C4=S=C5c6cc7c(cc6C(C)(C)C5=C4)-c4sccc4C7(C)C)s3)s2)sc1-c1cccs1
",-0.165,-0.112
14,"Cc1ccc(C2(c3ccc(C)cc3)c3ccsc3-c3cc4c(cc32)-c2sc(-c3ccc(-c5ccc(-c6ccc(-c7ccc(-c8cccs8)s7)c7nsnc76)s5)s3)cc2C4(c2ccc(C)cc2)c2ccc(C)cc2)cc1
",-0.163,-0.127
15,"O=C1c2ccccc2C(=O)C1=Cc1ccc(-c2ccc(N(c3ccc(-c4ccc(C=Cc5cccs5)s4)cc3)c3ccc(-c4ccc(C=Cc5cccs5)s4)cc3)cc2)s1
",-0.169,-0.125
16,"COc1cccc(-c2nc3c(-c4cccs4)ccc(-c4ccc(-c5cc6c(s5)c(-c5ccc(C)s5)c5ccsc5c6-c5ccc(C)s5)s4)c3nc2-c2cccc(OC)c2)c1
",-0.168,-0.118
17,"Cc1csc(C=Cc2cccc3nsnc32)c1C
",-0.182,-0.118
18,"C=Cc1ccc2c3ccc(C=Cc4sc(-c5cc(C)cs5)cc4C)cc3n(-c3ccc(OC)cc3)c2c1
",-0.165,-0.096
19,"C=Cc1ccc2c3ccc(C=Cc4ccc(-c5ccc(C6=C(C)C(C)=C(c7ccc(-c8cccs8)s7)S6(=O)=O)s5)s4)cc3n(-c3ccc(OC)cc3)c2c1
",-0.167,-0.122
20,"Cc1cc2cc3c(C#C[Si](C)(C)C)c4cc5sc(C)cc5cc4c(C#C[Si](C)(C)C)c3cc2s1
",-0.162,-0.114
21,"CC1(C)c2ccsc2-c2cc3c(cc21)-c1sc(-c2ccc(-c4nc5sc(-c6cccs6)nc5s4)s2)cc1C3(C)C
",-0.168,-0.114
22,"C=Cc1ccc2c3ccc(C=Cc4sc(-c5ccc(-c6ccc(-c7cc(C)cs7)s6)s5)cc4C)cc3n(-c3ccc(OC)cc3)c2c1
",-0.161,-0.105
23,"COc1c(OC)c(-c2ccc(-c3cc4c(s3)c(-c3ccc(C)s3)c3ccsc3c4C3=S=C(C)C=C3)s2)c2nsnc2c1-c1cccs1
",-0.168,-0.122
24,"N#CC(=Cc1ccc(-c2ccc(-c3ccc(C=C(C#N)c4ccc([N+](=O)[O-])cc4)s3)c3c2C(=O)OC3=O)s1)c1ccc([N+](=O)[O-])cc1
",-0.22,-0.163
25,"COC(=O)C(C#N)=Cc1cc(C)c(-c2ccc(-c3sc(-c4cc5c(s4)-c4sc(-c6cc(C)c(-c7ccc(C8=S=C(C=C(C#N)C(=O)OC)C=C8C)s7)s6)cc4[Si]5(C)C)cc3C)s2)s1
",-0.173,-0.133
26,"CN1C(=O)C2=C(c3ccc(-c4ccccc4)s3)N(C)C(=O)C2=C1c1cccs1
",-0.169,-0.123
27,"Cc1ccc(-c2ccc(-c3cnc(-c4cc5c(s4)-c4sc(-c6ncc(-c7ccc(-c8ccc(C)s8)s7)c7nsnc76)cc4[Si]5(C)C)c4nsnc43)s2)s1
",-0.167,-0.138
28,"CC1(C)c2ccccc2-c2ccc(-c3ccc(-c4ccc(-c5ccc(C6=C(c7ccccc7)C(c7ccccc7)=C(c7ccc(-c8ccc(C9=S=CC=C9)s8)s7)[Si]6(C)C)s5)s4)s3)cc21
",-0.159,-0.115
29,"COCc1cc2csc(-c3cc4c(s3)c(OC)c3ccsc3c4OC)c2s1
",-0.167,-0.091
30,"Cn1c2ccccc2c2ccc(-c3ccc(-c4cnc(-c5cccs5)c5nsnc54)s3)cc21
",-0.179,-0.134
31,"COc1c2ccsc2c(OC)c2cc(-c3sc(-c4sc(-c5cc(C)cs5)c5c4C(=O)N(C)C5=O)cc3C)sc21
",-0.173,-0.115
32,"CC1(C)CC(C=Cc2ccc(N(c3ccc(N(c4ccccc4)c4ccccc4)cc3)c3ccc(N(c4ccccc4)c4ccccc4)cc3)cc2)=CC(=C(C#N)C(=O)O)C1
",-0.163,-0.121
33,"COc1c2cc(C)sc2c(OC)c2cc(-c3ccc(-c4sc(-c5ccc(C)s5)c5c4C(=O)N(C)C5=O)s3)sc21
",-0.167,-0.113
34,"Cc1c2ccsc2c(C)c2cc(-c3ccc(-c4cnc(-c5cccs5)c5nsnc54)s3)sc21
",-0.177,-0.137
35,"CC(=O)c1cc2c(csc2-c2cc3c(s2)c(C)c2ccsc2c3C)s1
",-0.176,-0.117
36,"Cc1cc(-c2ccc(N(c3ccccc3)c3ccccc3)cc2)sc1-c1cnc(-c2ncc(-c3sc(-c4ccc(N(c5ccccc5)c5ccccc5)cc4)cc3C)s2)s1
",-0.162,-0.107
37,"Cc1nc(-c2nc(C)c(-c3ccc(-c4cc5c(s4)-c4sccc4[Si]5(C)C)s3)s2)sc1-c1cccs1
",-0.167,-0.112
38,"Cc1ccc(C2(c3ccc(C)cc3)c3ccsc3-c3cc4c(cc32)-c2sc(-c3cccc5nc6c7ccsc7c7sccc7c6nc53)cc2C4(c2ccc(C)cc2)c2ccc(C)cc2)cc1
",-0.17,-0.118
39,"COc1ccc(N(c2ccc(C=Cc3cc4c(s3)-c3sc(C=C(C#N)C(=O)O)cc3C4(C)C)cc2)c2ccc(OC)cc2)cc1
",-0.164,-0.121
40,"Cn1c2ccsc2c2sc(-c3ccc(-c4ccc(-c5cccs5)c5nsnc54)s3)cc21
",-0.166,-0.124
41,"Cc1nc(-c2nc(C)c(-c3ccc(N(c4ccccc4)c4ccccc4)cc3)s2)sc1-c1ccc(N(c2ccccc2)c2ccccc2)cc1
",-0.166,-0.099
42,"CC1(C)c2ccsc2-c2cc3c(cc21)-c1sc(-c2ccc(-c4ccc(-c5cccs5)c5nsnc54)s2)cc1C3(C)C
",-0.166,-0.125
43,"c1csc(-c2cc(-c3cccs3)c(-c3cccs3)s2)c1
",-0.178,-0.092
44,"CN1c2ccccc2C(=C2c3ccc(-c4cc5c(s4)-c4sccc4[Si]5(C)C)cc3N(C)C2=O)C1=O
",-0.176,-0.129
45,"CC1(C)c2ccccc2-c2ccc(N(c3ccc(-c4ccc(C=C(C#N)C(=O)O)s4)cc3)c3ccc4c(c3)C(C)(C)c3ccccc3-4)cc21
",-0.176,-0.124
46,"COc1ccc(C=Cc2ccc(C=Cc3cc(C)c(C=Cc4ccc(C=Cc5cc(C)c(C=Cc6ccc(C=Cc7cc(C)c(C=O)cc7C)s6)cc5C)s4)cc3C)s2)cc1
",-0.162,-0.12
47,"COc1ccc(N(c2ccc(C=Cc3ccc(C=C(C#N)C(=O)O)s3)cc2)c2ccc(OC)cc2)cc1
",-0.169,-0.121
48,"Cc1cc(C=C2C(=O)c3ccccc3C2=O)sc1-c1cc(C)c(-c2cc(C)c(-c3ccc(-c4sc(-c5sc(C6=S=C(C=C7C(=O)c8ccccc8C7=O)C=C6C)cc5C)cc4C)s3)s2)s1
",-0.172,-0.133
49,"CC(=O)c1sc2csc(-c3cc4c(s3)c(C)c3ccsc3c4C)c2c1F
",-0.18,-0.119
50,"Cc1cc2c3ccsc3c3sc(-c4ccc(-c5cnc(-c6cccs6)c6nsnc65)s4)cc3c2cc1C
",-0.175,-0.136
51,"COC(=O)c1sc2csc(-c3cc4c(s3)c(OC)c3ccsc3c4OC)c2c1F
",-0.169,-0.11
52,"COc1ccc(N(c2ccc(OC)cc2)c2ccc(C(=Cc3ccc(C=C(C#N)C(=O)O)s3)c3ccc(N(c4ccc(OC)cc4)c4ccc(OC)cc4)cc3)cc2)cc1
",-0.157,-0.118
53,"C=Cc1sccc1C(=O)OC
",-0.205,-0.097
54,"N#CC(=Cc1ccc(N(c2ccccc2)c2ccccc2)cc1)C(=O)O
",-0.189,-0.116
55,"COc1c2sccc2c2cc(-c3cc(C)c(-c4nc5sc(-c6sccc6C)nc5s4)s3)sc2c1OC
",-0.172,-0.112
56,"COC(=O)C(C#N)=Cc1cc(C)c(-c2ccc(-c3sc(-c4ccc5c6ccc(-c7cc(C)c(-c8ccc(-c9sc(C=C(C#N)C(=O)OC)cc9C)s8)s7)cc6n(C)c5c4)cc3C)s2)s1
",-0.179,-0.13
57,"Cc1ccsc1-c1sc(-c2sc(-c3ccc4c(c3)C(C)(C)c3ccccc3-4)cc2C)c2nc3c(nc21)-c1cccc2cccc-3c12
",-0.166,-0.118
58,"Cc1ccc(C2(c3ccc(C)cc3)c3ccsc3-c3cc4c(cc32)-c2sc(-c3ccc(-c5ccc(C6=C7C(=O)N(C)C(c8cccs8)=C7C(=O)N6C)s5)s3)cc2C4(c2ccc(C)cc2)c2ccc(C)cc2)cc1
",-0.161,-0.12
59,"COC(=O)c1cc2c(csc2-c2cc3c(s2)c(OC)c2ccsc2c3OC)s1
",-0.169,-0.108
60,"COc1ccsc1-c1sc(-c2scc3c2C(=O)N(C)C3=O)cc1OC
",-0.165,-0.103
61,"COc1c2ccsc2c(OC)c2cc(-c3cc(C)c(-c4sc(-c5sccc5C)c5c4C(=O)N(C)C5=O)s3)sc21
",-0.175,-0.112
62,"Cc1nc2c3ccsc3c3sc(-c4ccc(-c5cnc(C6=S=CC=C6)c6nsnc65)s4)cc3c2nc1C
",-0.179,-0.137
63,"COc1cccc2c1ccc(-c1ccc(-c3ccc(-c4cccs4)c4nsnc43)s1)c2OC
",-0.175,-0.125
64,"CC1(C)c2cc(-c3ccc(-c4ccc(C=C(C#N)C#N)s4)s3)ccc2-c2ccc(N(c3ccccc3)c3ccccc3)cc21
",-0.177,-0.137
65,"Cc1ccc(-c2sc(-c3ccc(-c4ccc(N(c5ccc(-c6ccc(-c7sc(-c8ccc(C)s8)c8c7OCCO8)s6)cc5)c5ccc(-c6ccc(-c7sc(-c8ccc(C)s8)c8c7OCCO8)s6)cc5)cc4)s3)c3c2OCCO3)s1
",-0.148,-0.092
66,"Cn1c2ccccc2c2cc(-c3cc4c(s3)-c3sc(C=C(C#N)C(=O)O)cc3C4(C)C)ccc21
",-0.179,-0.122
67,"Cn1c2ccccc2c2ccc(-c3ccc(-c4nnc(-c5cccs5)c5nccnc45)s3)cc21
",-0.181,-0.136
68,"CC(=O)c1cc2csc(-c3cc4c(s3)c(-c3ccc(C)s3)c3ccsc3c4-c3ccc(C)s3)c2s1
",-0.174,-0.112
69,"COc1ccc(N(c2ccc(OC)cc2)c2ccc(-c3ccc(C=C(C#N)C(=O)O)s3)cc2)cc1
",-0.171,-0.12
70,"Cc1cc(-c2c3ccsc3c(-c3cc(C)c(C)s3)c3cc(-c4ccc5c(c4)N(C)C(=O)C5=C4c5ccccc5N(C)C4=O)sc32)sc1C
",-0.171,-0.131
71,"Cn1c(-c2ccc(C=C(C#N)C(=O)O)s2)ccc1-c1ccc2c(c1)C(C)(C)c1cc(N(c3ccccc3)c3cccc4ccccc43)ccc1-2
",-0.173,-0.122
72,"Cn1c(-c2ccc(C=C(C#N)C(=O)O)s2)ccc1-c1ccc2c(c1)C(C)(C)c1cc(N(c3ccccc3)c3cccc4ccccc43)ccc1-2
",-0.172,-0.122
73,"Cn1c2ccccc2c2ccc(-c3ccc(C4=C5C(=O)N(C)C(c6cccs6)=C5C(=O)N4C)s3)cc21
",-0.165,-0.12
74,"C=Cc1ccc(N(c2ccccc2)c2ccc(C=C3SC(=S)N(CC(=O)O)C3=O)cc2)cc1
",-0.183,-0.12
75,"CC1(C)c2ccccc2-c2ccc(-c3ccc(-c4ccc(C5=C(c6ccccc6)C(c6ccccc6)=C(c6ccc(-c7cccs7)s6)[Si]5(C)C)s4)s3)cc21
",-0.159,-0.112
76,"COc1c2ccsc2c(OC)c2cc(-c3scc4sc(C(C)=O)cc43)sc21
",-0.173,-0.116
77,"N#CC(=Cc1ccc(C=Cc2ccc(N(c3ccccc3)c3ccccc3)cc2)s1)C(=O)O
",-0.179,-0.127
78,"N#CC(=CC=Cc1ccc(N(c2ccccc2)c2ccccc2)cc1)C(=O)O
",-0.185,-0.126
79,"COc1c2ccsc2c(OC)c2c1=S=C(c1ccc(-c3sc(-c4nc(C)c(-c5cccs5)s4)nc3C)s1)C=2
",-0.172,-0.115
80,"Cn1c2cc(C=C(C#N)C#N)sc2c2sc(C=C(C#N)C#N)cc21
",-0.222,-0.165
81,"Cc1csc(C#Cc2cccc3nsnc32)c1C
",-0.188,-0.122
82,"Cc1ccc(-c2c3ccsc3c(-c3ccc(C)s3)c3cc(-c4ccc(-c5nc6sc(-c7cccs7)nc6s5)s4)sc32)s1
",-0.173,-0.117
83,"CN1C(=O)c2csc(-c3cc4c(s3)-c3sccc3C4(C)C)c2C1=O
",-0.181,-0.109
84,"COc1c2ccsc2c(OC)c2cc(-c3sc(C4=S=Cc5ccccc54)c4ccccc43)sc21
",-0.164,-0.111
85,"COc1ccc(-c2nc3c(-c4cccs4)ccc(-c4ccc(-c5ccc6c7ccccc7n(C)c6c5)s4)c3nc2-c2ccc(OC)cc2)cc1
",-0.169,-0.11
86,"Cc1ccc(-c2c3sc4cc(-c5scc6cc(S(C)(=O)=O)sc65)sc4c3c(-c3ccc(C)s3)c3sc4ccsc4c32)s1
",-0.175,-0.108
87,"C#Cc1cc2c(s1)-c1sc(C#Cc3scc4nc(-c5ccccc5)c(-c5ccccc5)nc34)cc1C2(C)C
",-0.172,-0.123
88,"COc1c2ccsc2c(OC)c2cc(-c3scc4cc(C(C)=O)sc43)sc21
",-0.174,-0.112
89,"COc1ccc(N(c2ccc(OC)cc2)c2ccc(-c3ccc(C=C(C#N)C(=O)O)o3)cc2)cc1
",-0.167,-0.113
90,"CSc1ccc(-c2ccc(-c3csc(-c4cc(-c5ccc(-c6ccc(SC)s6)s5)sc4-c4sc(-c5ccc(-c6ccc(SC)s6)s5)cc4-c4ccc(-c5ccc(-c6ccc(SC)s6)s5)s4)c3)s2)s1
",-0.168,-0.109
91,"C=Cc1cc(OC)ccc1OC
",-0.174,-0.063
92,"COc1c2ccsc2c(OC)c2c1=S=C(c1cc(C)c(-c3sc(-c4nc(C)c(-c5sccc5C)s4)nc3C)s1)C=2
",-0.164,-0.108
93,"COc1c2ccsc2c(OC)c2cc(-c3scc4sc(C(C)=O)c(F)c43)sc21
",-0.178,-0.117
94,"CC1(C)c2cc(C=C(C#N)c3ccc(C=C(C#N)C(=O)O)s3)ccc2-c2ccc(N(c3ccccc3)c3ccccc3)cc21
",-0.181,-0.136
95,"Cc1ccc(-c2ccc(-c3c4cc(-c5cc(C)c(-c6ccc(-c7sc(C=C8SC(=S)N(C)C8=O)cc7C)s6)s5)sc4c(-c4ccc(-c5ccc(C)s5)s4)c4cc(-c5cc(C)c(-c6ccc(-c7sc(C=C8SC(=S)N(C)C8=O)cc7C)s6)s5)sc43)s2)s1
",-0.171,-0.13
96,"Cc1ccc(C2(c3ccc(C)cc3)c3ccsc3-c3cc4c(cc32)-c2sc(-c3ccc(-c5ccc(-c6cccs6)c6nsnc65)s3)cc2C4(c2ccc(C)cc2)c2ccc(C)cc2)cc1
",-0.166,-0.124
97,"Cn1c2ccccc2c2ccc(-c3ccc(-c4nnc(-c5cccs5)c5nonc54)s3)cc21
",-0.188,-0.144
98,"Cc1csc(-c2ccc(-c3cc(C)c(-c4cc5c(s4)c4sccc4c4cc(C)c(C)cc54)s3)c3nsnc32)c1
",-0.17,-0.125
99,"COc1ccc2c(c1)-c1cc(OC)c(-c3ccc(-c4ccc(-c5cccs5)c5nsnc54)s3)cc1[Si]2(C)C
",-0.17,-0.122
100,"Cn1c(-c2ccc(C=C(C#N)C(=O)O)s2)ccc1-c1ccc(N(c2ccccc2)c2ccccc2)cc1
",-0.176,-0.122
101,"Cc1ccc(-c2nc3c(nc2-c2ccc(C)cc2)c(-c2ccc(-c4ccc5c(c4)C(C)(C)c4ccccc4-5)s2)sc3-c2cccs2)cc1
",-0.164,-0.122
102,"CC1(C)c2ccccc2-c2cc3c(cc21)-c1ccc(-c2ccc(-c4ccc(-c5cccs5)c5nsnc54)s2)cc1C3(C)C
",-0.174,-0.126
103,"Cc1csc(-c2sc(-c3nc4cc5sc(-c6cc(C)c(-c7cc(C)cs7)s6)nc5cc4s3)cc2C)c1
",-0.176,-0.111
104,"COC(=O)C(C#N)=Cc1cc(C)c(-c2cc(C)c(-c3ccc(-c4sc(-c5sc(-c6cc7c(s6)c(OC)c6cc(-c8cc(C)c(-c9cc(C)c(-c%10ccc(-c%11sc(-c%12sc(C=C(C#N)C(=O)OC)cc%12C)cc%11C)s%10)s9)s8)sc6c7OC)cc5C)cc4C)s3)s2)s1
",-0.17,-0.131
105,"COC(=O)c1cc2c(-c3cccs3)sc(-c3ccc(-c4cc5c(s4)c(-c4ccc(C)s4)c4ccsc4c5-c4ccc(C)s4)s3)c2s1
",-0.168,-0.116
106,"Cc1ccsc1-c1nnc(-c2sc(-c3cc4c(s3)-c3sccc3C4(C)C)cc2C)nn1
",-0.174,-0.123
107,"COC(=O)C(C#N)=CC1=S=C(c2cc(C)c(-c3ccc(-c4sc(-c5sc(-c6ccc(-c7cc(C)c(-c8cc(C)c(-c9ccc(-c%10sc(C%11=S=C(C=C(C#N)C(=O)OC)C=C%11C)cc%10C)s9)s8)s7)c7nsnc76)cc5C)cc4C)s3)s2)C(C)=C1
",-0.169,-0.136
108,"CN1C(=O)C2=C(c3ccc(-c4ccc5ccccc5c4)s3)N(C)C(=O)C2=C1c1cccs1
",-0.168,-0.123
109,"CC1(C)c2ccccc2-c2ccc(N(c3ccc4cc(C=Cc5ccc(C=C(C#N)C(=O)O)s5)sc4c3)c3ccc4c(c3)C(C)(C)c3ccccc3-4)cc21
",-0.172,-0.131
110,"Cc1ccsc1-c1cc(C)c(-c2ccc(-c3cc(C)c(C4=S=C(c5ccc6c7cc8c(cc7n(C)c6c5)c5ccccc5n8C)C(C)=C4)s3)c3nsnc32)s1
",-0.165,-0.122
111,"C[Si]1(C)c2ccsc2-c2sc(-c3cccc4nonc43)cc21
",-0.182,-0.124
112,"COc1ccc(N(c2ccc(OC)cc2)c2ccc(-c3cc4c(s3)-c3sc(C=C(C#N)C(=O)O)cc3C4(C)C)cc2)cc1
",-0.166,-0.119
113,"COC(=O)c1cc2csc(-c3cc4c(s3)c(-c3ccc(C)s3)c3ccsc3c4-c3ccc(C)s3)c2s1
",-0.171,-0.106
114,"CC1(C)c2cc(-c3ccc(C=C(C#N)C(=O)O)s3)ccc2-c2ccc(N(c3ccccc3)c3cccc4ccccc43)cc21
",-0.176,-0.126
115,"C[Si](C)(C)C#Cc1c2ccccc2c2ccc3c(C#C[Si](C)(C)C)c4ccccc4c4ccc1c2c34
",-0.173,-0.12
116,"COc1cccc(C2N=c3c(-c4cccs4)ccc(-c4ccc(-c5ccc6c(c5)C(C)(C)c5ccccc5-6)s4)c3=NC2c2cccc(OC)c2)c1
",-0.173,-0.139
117,"Cc1csc(C2=NC3SC(c4cc(C)c(-c5cc6c(s5)-c5sccc5[Si]6(C)C)s4)=NC3S2)c1
",-0.174,-0.105
118,"Cn1c2ccsc2c2sc(-c3ccc(C4=C5C(=O)N(C)C(c6cccs6)=C5C(=O)N4C)s3)cc21
",-0.161,-0.119
119,"COc1c(OC)c(-c2ccc(-c3ccc(-c4ccc5c6ccccc6n(C)c5c4)s3)s2)c2nsnc2c1-c1ccc(-c2cccs2)s1
",-0.165,-0.122
120,"Cc1csc(-c2sc(-c3ccc(-c4cc(C)c(-c5cc(C)c(-c6ccc7c8cc9c(cc8n(C)c7c6)c6ccccc6n9C)s5)s4)c4nsnc43)cc2C)c1
",-0.163,-0.123
121,"Cc1ccsc1-c1ccc(-c2sc(-c3nc(C)c(-c4ccc(C5=S=C(c6cc7c(s6)-c6sccc6[Si]7(C)C)C=C5C)s4)s3)nc2C)s1
",-0.162,-0.113
122,"Cc1c2ccsc2c2sc(-c3ccc(C4=C5C(=O)N(C)C(c6cccs6)=C5C(=O)N4C)s3)cc2c1C
",-0.167,-0.122
123,"CC1(C)CC(C=Cc2ccc(N(c3ccccc3)c3ccc(N(c4ccccc4)c4ccccc4)cc3)cc2)=CC(=C(C#N)C(=O)O)C1
",-0.169,-0.123
124,"C(=C1Sc2ccccc2S1)c1ccc(N(c2ccc(C=C3Sc4ccccc4S3)cc2)c2ccc(C=C3Sc4ccccc4S3)cc2)cc1
",-0.15,-0.075
125,"C=Cc1ccc2c3ccccc3n(-c3ccc(OC)cc3)c2c1
",-0.181,-0.077
126,"COc1c2ccsc2c(OC)c2cc(-c3scc4sc(S(C)(=O)=O)cc43)sc21
",-0.172,-0.109
127,"CC1=CC(c2ccc(-c3cc(C)c(-c4cc5c(s4)c4sccc4c4nc(C)c(C)nc54)s3)c3nsnc32)=S=C1
",-0.174,-0.126
128,"Cc1cc(C=C2C(=O)c3ccccc3C2=O)sc1-c1cc(C)c(-c2ccc(-c3sc(C4=S=C(C=C5C(=O)c6ccccc6C5=O)C=C4C)cc3C)s2)s1
",-0.179,-0.137
129,"CN1C(=O)c2csc(-c3cc4c(s3)-c3sccc3[Si]4(C)C)c2C1=O
",-0.183,-0.111
130,"Cn1c2ccccc2c2ccc(-c3ccc(-c4ccc(-c5cccs5)c5nsnc54)s3)cc21
",-0.175,-0.125
131,"Cc1ccc(-c2ccc(-c3ncc(-c4cc5c(s4)-c4sc(-c6cnc(-c7ccc(-c8ccc(C)s8)s7)c7nsnc76)cc4[Si]5(C)C)c4nsnc43)s2)s1
",-0.165,-0.136
132,"COc1c2cc(-c3cc4c(s3)-c3sc(C5=NC6SC(c7cc8c(s7)-c7sccc7[Si]8(C)C)=NC6S5)cc3[Si]4(C)C)sc2c(OC)c2ccsc21
",-0.171,-0.11
133,"Cc1csc(-c2cc3c4nsnc4c(-c4cc(C)cs4)cc3c3nsnc32)c1
",-0.182,-0.133
134,"Cn1c(-c2ccc(-c3cccc4nsnc43)s2)ccc1C1=S=CC=C1
",-0.171,-0.12
135,"CC1(C)c2ccsc2-c2cc3c(cc21)-c1sc(-c2cccc4nsnc42)cc1C3(C)C
",-0.172,-0.12
136,"CSc1ccc(-c2ccc(-c3ccc([Si](c4ccc(-c5ccc(-c6ccc(SC)s6)s5)s4)(c4ccc(-c5ccc(-c6ccc(SC)s6)s5)s4)c4ccc(-c5ccc(-c6ccc(SC)s6)s5)s4)s3)s2)s1
",-0.178,-0.105
137,"Cc1cc(-c2ccc(-c3cc(C)c(-c4cccs4)s3)c3nsnc32)sc1-c1cccs1
",-0.169,-0.126
138,"COc1ccc(N(c2ccc(C=Cc3sc(C=C(C#N)C(=O)O)c4c3OCCO4)cc2)c2ccc(OC)cc2)cc1
",-0.164,-0.114
139,"Cc1ccsc1-c1ccc(-c2sc(-c3ccc4c(c3)N(C)C(=O)C4=C3c4ccccc4N(C)C3=O)cc2C)s1
",-0.172,-0.13
140,"CN1C(=O)C2=C(c3ccc(-c4cc5ccccc5o4)s3)N(C)C(=O)C2=C1c1ccc(-c2cc3ccccc3o2)s1
",-0.169,-0.129
141,"CN1C(=O)C2=C(c3cc4sc(-c5cccs5)cc4s3)N(C)C(=O)C2=C1c1cc2sccc2s1
",-0.167,-0.124
142,"CC1(C)c2ccccc2-c2ccc(N(c3ccc(-c4ccc(C=CC=C(C#N)C(=O)O)s4)cc3)c3ccc4c(c3)C(C)(C)c3ccccc3-4)cc21
",-0.176,-0.13
143,"CC1(C)c2ccccc2-c2ccc(-c3ccc(N(c4ccccc4)c4ccc(C=Cc5ccc(C=C(C#N)C#N)s5)cc4)cc3)cc21
",-0.182,-0.134
144,"COc1cc2c3ccsc3c3sc(-c4sc(-c5ccc(-c6cc(C)cs6)c6nsnc65)cc4C)cc3c2cc1OC
",-0.17,-0.126
145,"N#CC(C#N)=Cc1ccc(-c2ccc(N(c3ccc(-c4ccc(C=C(C#N)C#N)s4)cc3)c3ccc(-c4ccc(C=C(C#N)C#N)s4)cc3)cc2)s1
",-0.206,-0.153
146,"Cc1ccsc1-c1nc2sc(-c3sc(-c4cc5c(s4)c(C#C[Si](C)(C)C)c4ccsc4c5C#C[Si](C)(C)C)cc3C)nc2s1
",-0.176,-0.118
147,"COc1cc(OC)cc(-c2nc3c(nc2-c2cc(OC)cc(OC)c2)c(-c2cccs2)sc3-c2cccs2)c1
",-0.165,-0.117
148,"Cn1c2ccccc2c2ccc(-c3ccc(-c4ccc(-c5cccs5)c5nccnc45)s3)cc21
",-0.174,-0.118
149,"Cc1nc2c(-c3cccs3)nnc(-c3ccc(-c4ccc5c6ccccc6n(C)c5c4)s3)c2nc1C
",-0.177,-0.126
150,"CC1(C)c2ccccc2-c2cc3c(cc21)-c1ccc(-c2ccc(-c4ccc(-c5cccs5)c5c4=NC(c4ccccc4)C(c4ccccc4)N=5)s2)cc1C3(C)C
",-0.171,-0.14
151,"Cc1cc(C)cc(-c2ccc(N(c3ccc(-c4cc5c(s4)-c4sc(C=C(C#N)C(=O)O)cc4C5(C)C)cc3)c3ccc(-c4cc(C)cc(C)c4)cc3)cc2)c1
",-0.172,-0.123
152,"COC(=O)C(C#N)=Cc1cc(C)c(-c2ccc(-c3sc(-c4ccc5c(c4)C(C)(C)c4cc(-c6cc(C)c(-c7ccc(-c8sc(C=C(C#N)C(=O)OC)cc8C)s7)s6)ccc4-5)cc3C)s2)s1
",-0.179,-0.132
153,"COc1ccc(C=Cc2ccc(C=Cc3cc(OC)c(C=Cc4ccc(C=Cc5cc(OC)c(C=Cc6ccc(C=Cc7cc(OC)c(C=O)cc7OC)s6)cc5OC)s4)cc3OC)s2)cc1
",-0.155,-0.115
154,"N#CC(=Cc1ccc(-c2cc(-c3ccc(-c4ccc(N(c5ccccc5)c5ccccc5)cc4)s3)c(-c3ccc(-c4ccc(N(c5ccccc5)c5ccccc5)cc4)s3)s2)s1)C(=O)O
",-0.169,-0.129
155,"Cc1csc(-c2sc(-c3cc(C)c(-c4cccs4)s3)c3sc(C(F)(F)C(F)(F)C(F)(F)C(F)(F)C(F)(F)C(F)(F)F)cc23)c1
",-0.17,-0.113
156,"Cc1ccsc1-c1nc2sc(-c3sc(-c4ccc5c6ccccc6n(C)c5c4)cc3C)nc2s1
",-0.174,-0.108
157,"CC1(C)c2ccccc2-c2ccc(N(c3ccc(-c4cc5sc(C=C(C#N)C(=O)O)cc5s4)cc3)c3ccc4c(c3)C(C)(C)c3ccccc3-4)cc21
",-0.175,-0.125
158,"N#CC(=Cc1ccc(OCCCCCCOc2ccc(C=C(C#N)c3ccc([N+](=O)[O-])cc3)cc2O)c(O)c1)c1ccc([N+](=O)[O-])cc1
",-0.207,-0.135
159,"CC1(C)c2ccccc2-c2ccc(N(c3ccc4cc(C=Cc5ccc(C=C(C#N)C(=O)O)s5)oc4c3)c3ccc4c(c3)C(C)(C)c3ccccc3-4)cc21
",-0.171,-0.132
160,"Cc1c2cc(-c3ccc(-c4ccc(-c5cccs5)c5nn(C)nc54)s3)sc2c(C)c2ccsc21
",-0.169,-0.11
161,"C(=Cc1cccc2nsnc21)c1ccc(N(c2ccc(C=Cc3cccc4nsnc43)cc2)c2ccc(C=Cc3cccc4nsnc43)cc2)cc1
",-0.173,-0.125
162,"C[Si]1(C)c2cc(-c3cnc(-c4cccs4)c4nsnc43)sc2-c2sc(-c3cnc(-c4cccs4)c4nsnc43)cc21
",-0.174,-0.14
163,"Cc1ccsc1-c1ccc(-c2ccc(-c3sccc3C)s2)s1
",-0.168,-0.096
164,"c1csc(-c2ccc(-c3ccc(-c4c(-c5ccc(-c6cccs6)s5)sc(-c5ccc(-c6cccs6)s5)c4-c4ccc(-c5ccc(-c6cccs6)s5)s4)s3)s2)c1
",-0.166,-0.106
165,"Cc1cc(-c2cc(C)c(C3=S=CC=C3)s2)sc1-c1ccc(-c2cccc3nsnc32)s1
",-0.17,-0.123
166,"Cc1ccc(C2(c3ccc(C)cc3)c3ccsc3-c3cc4c(cc32)-c2sc(-c3cncc5nc6c7ccsc7c7sccc7c6nc53)cc2C4(c2ccc(C)cc2)c2ccc(C)cc2)cc1
",-0.173,-0.128
167,"C[Si]1(C)c2ccccc2-c2ccc(-c3ccc(-c4ccc(C5=C(c6ccccc6)C(c6ccccc6)=C(c6ccc(-c7cccs7)s6)[Si]5(C)C)s4)s3)cc21
",-0.16,-0.113
168,"Cc1csc(-c2cc(-c3ccc(C)s3)c(-c3ccc(C4=C5C(=O)N(C)C(c6cccs6)=C5C(=O)N4C)s3)s2)c1
",-0.164,-0.121
169,"Cc1c2cc(-c3ccc(-c4c5nn(C)nc5c(-c5cccs5)c(F)c4F)s3)sc2c(C)c2ccsc21
",-0.172,-0.113
170,"C=Cc1ccc2c3ccc(C=Cc4cccs4)cc3n(-c3ccc(OC)cc3)c2c1
",-0.173,-0.095
171,"COc1ccsc1-c1ccc(-c2sc(-c3ccc4c(c3)C(C)(C)c3ccccc3-4)cc2OC)c2nsnc21
",-0.163,-0.112
172,"COC(=O)c1cc2csc(-c3ccc(-c4ccc(-c5sc(-c6ccc(-c7sccc7C)s6)cc5C)s4)s3)c2s1
",-0.163,-0.11
173,"Cc1nc(-c2nc(C)c(-c3ccc(-c4ccc(-c5ccc(N(c6ccccc6)c6ccccc6)cc5)s4)s3)s2)sc1-c1ccc(-c2ccc(-c3ccc(N(c4ccccc4)c4ccccc4)cc3)s2)s1
",-0.162,-0.113
174,"COC(=O)c1sc2c(-c3ccc(-c4cc5c(s4)c(-c4cc(F)c(C)s4)c4ccsc4c5-c4cc(F)c(C)s4)s3)sc(-c3cccs3)c2c1F
",-0.173,-0.12
175,"CC1(C)c2ccsc2-c2sc(-c3c4nsnc4cc(F)c3F)cc21
",-0.179,-0.124
176,"COc1c(OC)c(-c2cc3sc(-c4cc5c(s4)c(-c4ccc(C)s4)c4ccsc4c5-c4ccc(C)s4)cc3s2)c2nsnc2c1-c1cc2sccc2s1
",-0.168,-0.124
177,"COc1csc2c1C(C)(C)c1cc(-c3scc4c3C(=O)N(C)C4=O)sc1-2
",-0.179,-0.107
178,"Cc1csc(-c2cc(C)c(-c3scc4c3C(=O)N(C)C4=O)s2)c1
",-0.189,-0.107
179,"Cc1ccc(-c2ccc(-c3ccc(C4=C5C(=O)N(C)C(c6ccc(-c7ccc(C8=S=C(C)C=C8)s7)s6)=C5C(=O)N4C)s3)s2)s1
",-0.16,-0.123
180,"COc1ccc(N(c2ccc(OC)cc2)c2ccc(C3c4ccccc4-c4ccc(-c5ccc(-c6c7nsnc7c(-c7cccs7)c7nc(-c8ccccc8)c(-c8ccccc8)nc76)s5)cc43)cc2)cc1
",-0.157,-0.14
181,"Cn1c2ccccc2c2ccc(-c3ccc(-c4cnc(-c5cccs5)c5nonc54)s3)cc21
",-0.183,-0.137
182,"CC1(C)c2ccccc2-c2ccc(N(c3ccc(-c4cc5sc6cc(C=C(C#N)C(=O)O)sc6c5s4)cc3)c3ccc4c(c3)C(C)(C)c3ccccc3-4)cc21
",-0.174,-0.126
183,"Cn1c2ccccc2c2ccc(-c3ccc(-c4ccc(-c5cccs5)c5nonc54)s3)cc21
",-0.18,-0.129
184,"C(=Cc1ccc(-c2ccc(N(c3ccc(-c4ccc(C=Cc5cccs5)s4)cc3)c3ccc(-c4ccc(C=Cc5cccs5)s4)cc3)cc2)s1)c1cccs1
",-0.161,-0.104
185,"Cc1csc(-c2nc3sc(-c4cc(C)c(-c5cc6c(s5)-c5sccc5[Si]6(C)C)s4)nc3s2)c1
",-0.17,-0.111
186,"CC1(C)c2ccccc2-c2ccc(-c3ccc(-c4ccc(-c5cccs5)c5nsnc54)s3)cc21
",-0.176,-0.126
187,"Cc1cc(C=C(C#N)C(=O)O)sc1-c1cc(C)c(-c2cc(C)c(-c3cc4ccc(N(c5ccc6c(c5)C(C)(C)c5ccccc5-6)c5ccc6c(c5)C(C)(C)c5ccccc5-6)cc4s3)s2)s1
",-0.164,-0.127
188,"COc1cccc(-c2nc3c(-c4cccs4)ccc(-c4ccc(-c5ccc6c(c5)C(C)(C)c5ccccc5-6)s4)c3nc2-c2cccc(OC)c2)c1
",-0.174,-0.116
189,"CC1(C)c2cc(-c3ccc(C=C(C#N)C(=O)O)s3)ccc2-c2ccc(N(c3ccccc3)c3ccc4ccc5cccc6ccc3c4c56)cc21
",-0.176,-0.127
190,"N#CC(=Cc1ccc(-c2ccc(-c3cc(-c4ccc(-c5ccc(N(c6ccccc6)c6ccccc6)cc5)s4)c(-c4ccc(-c5ccc(N(c6ccccc6)c6ccccc6)cc5)s4)s3)s2)s1)C(=O)O
",-0.167,-0.13
191,"COc1cccc(-c2nc3cccc(-c4cccs4)c3nc2-c2cccc(OC)c2)c1
",-0.191,-0.11
192,"COc1ccc(N(c2ccc(OC)cc2)c2ccc3c(c2)C(C)(C)c2c-3c3c(c4c2-c2ccc(N(c5ccc(OC)cc5)c5ccc(OC)cc5)cc2C4(C)C)-c2ccc(-c4ccc(C=C(C#N)C(=O)O)s4)cc2C3(C)C)cc1
",-0.157,-0.126
193,"CC1(C)c2ccccc2-c2cc3c(cc21)-c1cc2c(cc1C3(C)C)-c1ccc(-c3ccc(-c4ccc(-c5cccs5)c5nsnc54)s3)cc1C2(C)C
",-0.173,-0.126
194,"COc1c2cc(-c3ccc(C4=C5C(=O)N(C)C(c6cccs6)=C5C(=O)N4C)s3)sc2c(OC)c2ccsc21
",-0.165,-0.122
195,"COc1c2cc(-c3cccs3)sc2c(OC)c2cc(-c3ccc(-c4ccc5c(c4)N(C)C(=O)C5=C4c5ccccc5N(C)C4=O)s3)sc21
",-0.174,-0.133
196,"Cc1ccc(-c2ccc(-c3ccc(-c4ccc(N(c5ccc(-c6ccc(-c7ccc(-c8ccc(C)s8)s7)s6)cc5)c5ccc(-c6ccc(-c7ccc(-c8ccc(C)s8)s7)s6)cc5)cc4)s3)s2)s1
",-0.159,-0.101
197,"N#CC(=Cc1cc(-c2ccc(-c3ccc(N(c4ccccc4)c4ccccc4)cc3)s2)c(-c2ccc(-c3ccc(N(c4ccccc4)c4ccccc4)cc3)s2)s1)C(=O)O
",-0.168,-0.126
198,"COC(=O)c1cc2csc(-c3cc4c(s3)c(C)c3ccsc3c4C)c2s1
",-0.174,-0.106
199,"COC(=O)c1sc2c(-c3ccc(-c4cc5c(s4)c(-c4ccc(OC)cc4)c4ccsc4c5-c4ccc(OC)cc4)s3)sc(-c3cccs3)c2c1F
",-0.167,-0.116
200,"COC(=O)C(C#N)=Cc1cc(C)c(-c2ccc(-c3sc(-c4cc5c(s4)c(OC)c4cc(-c6cc(C)c(-c7ccc(-c8sc(C=C(C#N)C(=O)OC)cc8C)s7)s6)sc4c5OC)cc3C)s2)s1
",-0.171,-0.132
201,"Cc1csc(-c2ccc(-c3cc(C)cs3)c3nsnc32)c1
",-0.18,-0.124
202,"Cn1c(-c2ccc(C=C(C#N)C(=O)O)s2)ccc1-c1ccc2c(c1)C(C)(C)c1cc(N(c3ccccc3)c3ccccc3)ccc1-2
",-0.172,-0.122
203,"Cn1c(-c2ccc(C=C(C#N)C(=O)O)s2)ccc1-c1ccc2c(c1)C(C)(C)c1cc(N(c3ccccc3)c3ccccc3)ccc1-2
",-0.173,-0.121
204,"COC(=O)C(C#N)=Cc1cc(C)c(-c2cc(C)c(-c3ccc(-c4sc(-c5sc(C=C(C#N)C(=O)OC)cc5C)cc4C)s3)s2)s1
",-0.183,-0.137
205,"C[Si]1(C)c2ccsc2-c2sc(-c3nc4sc(-c5cc6c(s5)-c5sc(-c7cc8sccc8s7)cc5[Si]6(C)C)nc4s3)cc21
",-0.165,-0.115
206,"COc1c2ccsc2c(OC)c2cc(-c3sc(-c4scc5c4C4C=CC5CC4(C)C)c4c3C3C=CC4C(C)(C)C3)sc21
",-0.168,-0.088
207,"CN1C(=O)C2=C(c3ccc(-c4cc5c(s4)-c4sccc4[Si]5(C)C)s3)N(C)C(=O)C2=C1c1cccs1
",-0.163,-0.12
208,"COc1c2ccsc2c(OC)c2c1=S=C(c1cc(C)c(-c3ccc(-c4sc(-c5nc(C)c(-c6ccc(-c7sccc7C)s6)s5)nc4C)s3)s1)C=2
",-0.163,-0.113
209,"Cc1ccsc1-c1sc(-c2sc(-c3ccc4c(c3)C(C)(C)c3ccccc3-4)cc2C)c2nc3c4ccccc4c4ccccc4c3nc21
",-0.171,-0.127
210,"C#Cc1cc2c(s1)c1sc(C#Cc3scc4nc(-c5ccccc5)c(-c5ccccc5)nc34)cc1n2C
",-0.171,-0.122
211,"CC1(C)c2cc(-c3ccc(C=C(C#N)C(=O)O)s3)ccc2-c2ccc(N(c3ccccc3)c3c4ccccc4cc4ccccc43)cc21
",-0.177,-0.126
212,"CC1(C)c2cc(-c3ccc(-c4ccc(-c5ccc(-c6ccc(C=C(C#N)C#N)s6)s5)s4)s3)ccc2-c2ccc(N(c3ccccc3)c3ccccc3)cc21
",-0.172,-0.138
213,"Cc1ccsc1-c1nc2sc(-c3sc(-c4cc(C)c(-c5nc6sc(-c7sccc7C)nc6s5)s4)cc3C)nc2s1
",-0.173,-0.122
214,"CC1(C)CC(C=Cc2ccc(N(c3ccccc3)c3ccccc3)cc2)=CC(=C(C#N)C(=O)O)C1
",-0.179,-0.124
215,"COc1ccc(N(c2ccc(OC)cc2)c2ccc(-c3ccc(-c4ccc(C=C(C#N)C(=O)O)s4)s3)cc2)cc1
",-0.167,-0.124
216,"Cc1ccc(-c2nc3c(-c4cccs4)ccc(-c4ccc(-c5ccc6c7ccccc7n(C)c6c5)s4)c3nc2-c2ccc(C)s2)s1
",-0.17,-0.113
217,"Cn1c2ccc(C=C(C#N)C#N)cc2c2cc(C=C(C#N)C#N)ccc21
",-0.227,-0.146
218,"COc1c2ccsc2c(OC)c2cc(-c3sc(-c4ccc(-c5cc(C)cs5)c5nsnc54)cc3C)sc21
",-0.163,-0.124
219,"COC(=O)c1sc2c(-c3ccc(-c4cc5c(s4)c(-c4ccc(C)s4)c4ccsc4c5-c4ccc(C)s4)s3)sc(-c3cccs3)c2c1F
",-0.168,-0.117
220,"Cc1csc(-c2cc3c4nsnc4c(-c4cc(C)c(-c5cc6c(s5)c(-c5cc(C)c(C)s5)c5ccsc5c6C5=S=C(C)C(C)=C5)s4)cc3c3nsnc32)c1
",-0.167,-0.132
221,"COC(=O)c1cc2csc(-c3cc4c(s3)c(OC)c3ccsc3c4OC)c2s1
",-0.175,-0.107
222,"Cc1ccsc1
",-0.206,-0.043
223,"COc1c2cc(-c3cc4c(s3)-c3sc(-c5nc6sc(-c7cc8c(s7)-c7sccc7[Si]8(C)C)nc6s5)cc3[Si]4(C)C)sc2c(OC)c2ccsc21
",-0.165,-0.116
224,"COCc1sc2c(csc2-c2cc3c(s2)c(OC)c2ccsc2c3OC)c1F
",-0.17,-0.095
225,"C#Cc1sc(C#Cc2scc3nc(-c4ccccc4)c(-c4ccccc4)nc23)c(C)c1C
",-0.179,-0.122
226,"CC1(C)c2ccccc2-c2ccc(-c3cc4c5cccc6c7cccc8c9cc(-c%10ccc%11c(c%10)C(C)(C)c%10ccccc%10-%11)cc%10c%11cccc%12c%13cccc%14c(c3)c4c3c(c65)c(c78)c(c9%10)c(c%12%11)c3c%13%14)cc21
",-0.182,-0.099
227,"COC(=O)C(C#N)=Cc1cc(C)c(-c2cc(C)c(-c3cc(C)c(-c4cc5cc6sc(-c7sc(-c8sc(-c9sc(C=C(C#N)C(=O)OC)cc9C)cc8C)cc7C)cc6cc5s4)s3)s2)s1
",-0.176,-0.134
228,"Cc1ccsc1-c1sc(-c2sc(C3=S=C(c4sccc4C)C=C3C)cc2C)c2nc3c4ccccc4c4ccccc4c3nc21
",-0.165,-0.125
229,"COC(=O)C(C#N)=Cc1cc(C)c(-c2cc(C)c(-c3cc(C)c(-c4ccc(-c5sc(-c6sc(-c7sc(C=C(C#N)C(=O)OC)cc7C)cc6C)cc5C)s4)s3)s2)s1
",-0.174,-0.132
230,"Cc1csc(-c2ccc(-c3cc(C)c(-c4cc5c(s4)c(-c4cc(C)c(C)s4)c4ccsc4c5-c4cc(C)c(C)s4)s3)c3nsnc32)c1
",-0.167,-0.124
231,"N#CC(=Cc1ccc(-c2ccc(-c3ccc(C=C(C#N)c4ccc([N+](=O)[O-])cc4)s3)c3c2C(=O)N(c2ccc(C(=O)O)cc2)C3=O)s1)c1ccc([N+](=O)[O-])cc1
",-0.218,-0.158
232,"Cc1nc(-c2nc(C)c(-c3ccc(-c4ccc5c(c4)C(C)(C)c4ccccc4-5)s3)s2)sc1-c1cccs1
",-0.174,-0.112
233,"Cc1cc(C)c(-c2c3cc(-c4ccc(-c5ccc(-c6cccs6)c6nsnc65)s4)sc3c(-c3sc(C)cc3C)c3ccsc32)s1
",-0.173,-0.128
234,"CN1C(=O)C2=C(c3ccc(-c4cc5c(s4)-c4sccc4C5(C)C)s3)N(C)C(=O)C2=C1c1cccs1
",-0.162,-0.121
235,"CN1C(=O)C2=C(c3ccc(-c4ccc5c(c4)C(C)(C)c4ccccc4-5)s3)N(C)C(=O)C2=C1c1cccs1
",-0.167,-0.122
236,"Cn1c(-c2ccc(C=C(C#N)C(=O)O)s2)ccc1-c1ccc2c(c1)c1cc(N(c3ccccc3)c3ccccc3)ccc1n2C
",-0.168,-0.121
237,"N#CC(=Cc1ccc(C(C#N)=Cc2ccc(-c3ccc(N(c4ccccc4)c4ccccc4)cc3)s2)s1)C(=O)O
",-0.184,-0.14
238,"COc1cccc(-c2nc3c(-c4cccs4)ccc(-c4ccc(-c5cc6c(s5)c(OC)c5ccsc5c6OC)s4)c3nc2-c2cccc(OC)c2)c1
",-0.171,-0.117
239,"Cc1c(C)c(-c2ccc(C3=S=C(c4ccc(C=C(C#N)C#N)s4)C(C)=C3C)s2)sc1-c1ccc(C=C(C#N)C#N)s1
",-0.194,-0.149
240,"Cc1ccc(-c2ccc(-c3cc(F)c(-c4cc5c(s4)-c4sc(-c6c7nsnc7c(-c7ccc(-c8ccc(C)s8)s7)cc6F)cc4[Si]5(C)C)c4nsnc43)s2)s1
",-0.163,-0.129
241,"Cc1c(-c2cccs2)sc2c(C)c(-c3ccc(-c4scc5c4C(=O)N(C)C5=O)s3)sc12
",-0.177,-0.116
242,"Cc1ccc(-c2csc(-c3cc(-c4ccc(C)s4)c(-c4ccc(C5=C6C(=O)N(C)C(c7cccs7)=C6C(=O)N5C)s4)s3)c2)s1
",-0.165,-0.122
243,"COc1ccc(-c2nc3c(nc2-c2ccc(OC)cc2)c(-c2ccc(-c4ccc5c(c4)C(C)(C)c4ccccc4-5)s2)sc3-c2cccs2)cc1
",-0.161,-0.118
244,"N#CC(=Cc1ccc(-c2ccc(-c3ccc(N(c4ccccc4)c4ccccc4)cc3)c3nsnc32)s1)C(=O)O
",-0.181,-0.139
245,"CC1(C)CC(C=Cc2ccc(N(c3ccc(-n4c5ccccc5c5ccccc54)cc3)c3ccc(-n4c5ccccc5c5ccccc54)cc3)cc2)=CC(=C(C#N)C(=O)O)C1
",-0.181,-0.13
246,"c1csc(-c2ccsc2-c2cccs2)c1
",-0.184,-0.085
247,"Cc1csc(-c2nnc(-c3cc(C)c(-c4cc5c(s4)-c4sccc4[Si]5(C)C)s3)nn2)c1
",-0.176,-0.124
248,"Cn1c2ccccc2c2ccccc21
",-0.183,-0.064
249,"COc1ccc(-c2nc3c(-c4cccs4)ccc(-c4ccc(-c5cc6c7c8c(cccc8CCc7c5)n6C)s4)c3nc2-c2ccc(OC)cc2)cc1
",-0.165,-0.108
250,"COC(=O)c1cc2c(-c3cccs3)sc(-c3ccc(-c4cc5c(s4)c(-c4cc(F)c(C)s4)c4ccsc4c5-c4cc(F)c(C)s4)s3)c2s1
",-0.171,-0.118
251,"COC(=O)N1C(=O)C2=C(c3ccc(-c4ccc(C5=S=C(C)C=C5)s4)s3)N(C(=O)OC)C(=O)C2=C1c1ccc(-c2ccc(-c3ccc(C)s3)s2)s1
",-0.165,-0.127
252,"C#Cc1cc2c(s1)c1sc(C#Cc3cccc4nsnc43)cc1n2C
",-0.177,-0.123
253,"Cn1c2ccccc2c2ccc(-c3ccc(-c4cnc(-c5cccs5)c5nccnc45)s3)cc21
",-0.177,-0.127
254,"CC1(C)c2cc(-c3ccc(C=C(C#N)C(=O)O)s3)ccc2-c2c1c1c(c3c2C(C)(C)c2cc(N(c4ccccc4)c4ccccc4)ccc2-3)C(C)(C)c2cc(N(c3ccccc3)c3ccccc3)ccc2-1
",-0.171,-0.129
255,"Cc1ccc(-c2c3ccsc3c(-c3ccc(C)s3)c3cc(-c4scc5cc(S(C)(=O)=O)sc54)sc32)s1
",-0.174,-0.107
256,"Cc1cc(-c2ccc(N(c3ccccc3)c3ccccc3)cc2)sc1-c1nc2sc(-c3sc(-c4ccc(N(c5ccccc5)c5ccccc5)cc4)cc3C)nc2s1
",-0.162,-0.107
257,"CC1(C)Oc2cc(-c3c4nsnc4cc(F)c3F)sc2-c2sccc21
",-0.174,-0.126
258,"COc1c(OC)c(-c2ccc(-c3ccc4c(c3)[Si](C)(C)c3ccccc3-4)s2)c2nsnc2c1-c1cccs1
",-0.173,-0.121
259,"CN1C(=O)C2=C(c3ccc(-c4cccs4)o3)N(C)C(=O)C2=C1c1ccco1
",-0.165,-0.119
260,"CC1(C)c2ccccc2-c2ccc(N(c3ccc(C=C(C#N)c4ccc(C=C(C#N)C(=O)O)s4)cc3)c3ccc4c(c3)C(C)(C)c3ccccc3-4)cc21
",-0.182,-0.136
261,"Cc1ccc(C2(c3ccc(C)cc3)c3ccsc3-c3cc4c(cc32)-c2sc(-c3cccc5nsnc53)cc2C4(c2ccc(C)cc2)c2ccc(C)cc2)cc1
",-0.172,-0.12
262,"C[Si]1(C)c2cc(-c3cnc(-c4cc5ccccc5s4)c4nsnc43)sc2-c2sc(-c3cnc(-c4cc5ccccc5s4)c4nsnc43)cc21
",-0.178,-0.144
263,"Cc1csc(-c2ccc(C3=C4C(=O)N(C)C(c5ccc(-c6cc(C)cs6)s5)=C4C(=O)N3C)s2)c1
",-0.163,-0.121
264,"COc1c2ccsc2c(OC)c2cc(-c3ccc(-c4c5nonc5c(-c5cccs5)c(OC)c4OC)s3)sc21
",-0.166,-0.123
265,"N#CC(C#N)=Cc1ccc(-c2ccc(N(c3ccc(-c4ccc(C=Cc5cccs5)s4)cc3)c3ccc(-c4ccc(C=C(C#N)C#N)s4)cc3)cc2)s1
",-0.185,-0.145
266,"CC1(C)c2ccsc2-c2sc(-c3cccc4nsnc43)cc21
",-0.175,-0.12
267,"COc1ccc(-c2nc3c(-c4cccs4)ccc(-c4ccc(-c5ccc6c(c5)C(C)(C)c5ccccc5-6)s4)c3nc2-c2ccc(OC)cc2)cc1
",-0.171,-0.111
268,"COc1c2ccsc2c(OC)c2cc(-c3ccc(-c4sc(-c5cccs5)c5c4C(=O)N(C)C5=O)s3)sc21
",-0.177,-0.119
269,"CC1(C)c2ccsc2-c2cc3c(cc21)-c1sc(-c2ccc(-c4nnc(-c5cccs5)nn4)s2)cc1C3(C)C
",-0.175,-0.127
270,"C[Si]1(C)c2ccsc2-c2sc(-c3cccc4nsnc43)cc21
",-0.178,-0.121
271,"Cc1csc(-c2ccc(-c3cc(C)c(-c4cc5c(s4)c(-c4ccc(C)s4)c4ccsc4c5-c4ccc(C)s4)s3)c3nsnc32)c1
",-0.168,-0.126
272,"Cc1csc(-c2cccc3nsnc32)c1C
",-0.195,-0.119
273,"Cc1ccc(C2(c3ccc(C)cc3)c3ccsc3-c3cc4c(cc32)-c2sc(-c3ccc(-c5cccs5)s3)cc2C4(c2ccc(C)cc2)c2ccc(C)cc2)cc1
",-0.163,-0.098
274,"COc1c2ccsc2c(OC)c2c1=S=C(c1sc(-c3sc(-c4nc(C)c(-c5cc(C)cs5)s4)nc3C)cc1C)C=2
",-0.169,-0.112
275,"CN1c2ccccc2Sc2cc(C=Cc3ccsc3-c3cccs3)ccc21
",-0.163,-0.089
276,"CN1C(=O)C2=C(c3ccc(C=Cc4ccc(C(F)(F)F)cc4)s3)N(C)C(=O)C2=C1c1ccc(C=Cc2ccc(C(F)(F)F)cc2)s1
",-0.175,-0.138
277,"Cc1ccsc1C1=NC2SC(c3sc(-c4cc5c(s4)-c4sccc4[Si]5(C)C)cc3C)=NC2S1
",-0.175,-0.106
278,"C(=Cc1ccc(C=Cc2ccc(N(c3ccccc3)c3ccccc3)cc2)c2nsnc21)c1ccc(N(c2ccccc2)c2ccccc2)cc1
",-0.16,-0.117
279,"COc1c2cc(-c3cc(C=Cc4sc(-c5ccc(-c6cc(C)cs6)c6nsnc65)cc4C)cs3)sc2c(OC)c2ccsc21
",-0.17,-0.125
280,"N#CC(=Cc1sc(-c2ccc(N(c3ccccc3)c3ccccc3)cc2)c2c1OCCO2)C(=O)O
",-0.176,-0.117
281,"CC1(C)c2ccsc2-c2sc(-c3ccc(-c4nc5sc(-c6cccs6)nc5s4)s3)cc21
",-0.169,-0.114
282,"Cc1cc2c3cc(C)sc3c3nc4c(-c5ccc(-c6ccc7c8ccccc8n(C)c7c6)s5)ccc(-c5cccs5)c4nc3c2s1
",-0.169,-0.121
283,"C=Cc1cc(OC)c(C=Cc2cc(C=C(C#N)c3ccc([N+](=O)[O-])cc3)ccc2C=C(C#N)c2ccc([N+](=O)[O-])cc2)cc1OC
",-0.191,-0.154
284,"Cc1ccc(-c2nc3cccc(-c4ccc(-c5ccc6c(c5)C(C)(C)c5cc(-c7cccs7)ccc5-6)s4)c3nc2-c2ccc(C)s2)s1
",-0.174,-0.111
285,"COc1ccc(C#Cc2ccc(-c3ccc(-c4ccc(C#Cc5ccc(OC)c(OC)c5)s4)c4nsnc43)s2)cc1OC
",-0.173,-0.129
286,"N#CC(=Cc1ccc(C(C#N)=Cc2ccc(N(c3ccccc3)c3ccccc3)cc2)s1)C(=O)O
",-0.188,-0.134
287,"CC1(C)c2cc(C=C(C#N)C#N)sc2-c2sc(C=C(C#N)C#N)cc21
",-0.222,-0.167
288,"COc1c2ccsc2c(OC)c2cc(-c3cc(C)c(-c4nc5sc(-c6sccc6C)nc5s4)s3)sc21
",-0.173,-0.114
289,"COc1c2ccsc2c(OC)c2cc(-c3scc4c3C(=O)N(C)C4=O)sc21
",-0.174,-0.113
290,"CN1C(=O)C2=C(c3ccc(-c4cccs4)s3)N(C)C(=O)C2=C1c1cccs1
",-0.167,-0.122
291,"COc1ccc(C#Cc2ccc(C#Cc3ccc(-c4ccc(-c5ccc(C#Cc6ccc(C#Cc7ccc(OC)c(OC)c7)cc6)s5)c5nsnc54)s3)cc2)cc1OC
",-0.171,-0.131
292,"Cc1ccc(C2(c3ccc(C)cc3)c3ccsc3-c3cc4c(cc32)-c2sc(-c3cccs3)cc2C4(c2ccc(C)cc2)c2ccc(C)cc2)cc1
",-0.166,-0.092
293,"CC(=O)c1cc2c(csc2-c2cc3c(s2)c2sccc2c(C)c3C)s1
",-0.181,-0.116
294,"CC1(C)c2ccccc2-c2ccc(N(c3ccc(-c4ccc(-c5ccc(C=C(C#N)C(=O)O)s5)s4)cc3)c3ccc4c(c3)C(C)(C)c3ccccc3-4)cc21
",-0.173,-0.127
295,"N#CC(=Cc1cc(C#N)c(C=Cc2ccc(N(c3ccccc3)c3ccccc3)cc2)cc1C#N)C(=O)O
",-0.191,-0.147
296,"CC1(C)c2cc(-c3ccc(-c4ccc(-c5ccc(C=C(C#N)C#N)s5)s4)s3)ccc2-c2ccc(N(c3ccccc3)c3ccccc3)cc21
",-0.174,-0.138
297,"Cc1ccc(-c2c3cc(-c4ccc(C5=C6C(=O)N(C)C(c7cccs7)=C6C(=O)N5C)s4)sc3c(-c3ccc(C)cc3)c3ccsc32)cc1
",-0.166,-0.123
298,"Cc1ccc(-n2c(-c3ccsc3)nc3c2c2ccc(C)cc2c2cc(C)ccc32)cc1
",-0.172,-0.071
299,"COC(=O)c1sc2c(csc2-c2cc3c(s2)c(OC)c2ccsc2c3OC)c1F
",-0.174,-0.109
300,"Cn1c2ccccc2c2ccc(-c3ccc(-c4sc(-c5cccs5)c5nc(-c6ccccc6)c(-c6ccccc6)nc54)s3)cc21
",-0.165,-0.124
301,"Cc1ccc(-c2c3cc(-c4cc5sc(C6=C7C(=O)N(C)C(c8cc9sccc9s8)=C7C(=O)N6C)cc5s4)sc3c(-c3ccc(C)s3)c3ccsc32)s1
",-0.165,-0.125
302,"Cc1cc2c3cc(C)sc3c3nc4c(cccc4-c4ccc(-c5ccc6c(c5)C(C)(C)c5cc(-c7cccs7)ccc5-6)s4)nc3c2s1
",-0.173,-0.119
303,"Cc1csc(-c2ccc(-c3cc(C)c(-c4cc5c(s4)c(C)c4ccsc4c5C)s3)c3nsnc32)c1
",-0.17,-0.126
304,"Cc1cc(C=C2C(=O)N(C)C(=O)N(C)C2=O)sc1-c1cc(C)c(-c2cc(C)c(-c3ccc(-c4sc(-c5sc(C6=S=C(C=C7C(=O)N(C)C(=O)N(C)C7=O)C=C6C)cc5C)cc4C)s3)s2)s1
",-0.176,-0.134
305,"Cc1nc2c(nc1C)c(-c1ccc(-c3ccc4c5ccccc5n(C)c4c3)s1)sc2-c1cccs1
",-0.163,-0.118
306,"COc1c2cc(-c3cc(C)c(-c4ccc(-c5sc(C=C6SC(=S)N(C)C6=O)cc5C)s4)s3)sc2c(OC)c2cc(-c3cc(C)c(-c4ccc(-c5sc(C=C6SC(=S)N(C)C6=O)cc5C)s4)s3)sc21
",-0.168,-0.129
307,"CN1C(=O)C2=C(c3cc4sccc4s3)N(C)C(=O)C2=C1c1cc2sccc2s1
",-0.169,-0.123
308,"COc1ccc(-c2nc3c(-c4scc5c4OCCO5)ccc(-c4sc(-c5ccc6c(c5)C(C)(C)c5ccccc5-6)c5c4OCCO5)c3nc2-c2ccc(OC)cc2)cc1
",-0.155,-0.103
309,"COc1c(OC)c(-c2ccc(-c3ccc4c5ccccc5n(C)c4c3)s2)c2nsnc2c1-c1cccs1
",-0.171,-0.119
310,"COc1ccc(N(c2ccc(OC)cc2)c2cccc(-n3c4ccccc4c4ccc(-c5ccc(-c6c7nsnc7c(-c7cccs7)c7nc(-c8ccccc8)c(-c8ccccc8)nc76)s5)cc43)c2)cc1
",-0.164,-0.136
311,"COc1ccc(C#Cc2c3ccccc3c(C#Cc3ccc(OC)c(OC)c3)c3ccccc23)cc1OC
",-0.17,-0.114
312,"Cc1cc(C=C(C#N)C(=O)O)sc1-c1cc(C)c(-c2cc(C)c(-c3ccc(N(c4ccc5c(c4)C(C)(C)c4ccccc4-5)c4ccc5c(c4)C(C)(C)c4ccccc4-5)cc3)s2)s1
",-0.169,-0.127
313,"Cc1ccsc1-c1sc(-c2sc(C3=S=C(c4sccc4C)C(C)=C3)cc2C)c2nc3c(nc21)-c1cccc2cccc-3c12
",-0.166,-0.118
314,"Cc1ccc(-c2c3cc(-c4ccc(-c5sc(-c6cccs6)c6c5C(=O)c5c(C)sc(C)c5C6=O)s4)sc3c(-c3ccc(C)s3)c3ccsc32)s1
",-0.173,-0.119
315,"Cn1c(-c2ccc(C=C(C#N)C(=O)O)cc2)ccc1-c1ccc(N(c2ccccc2)c2ccccc2)cc1
",-0.173,-0.122
316,"N#CC(C#N)=Cc1ccc(-c2ccc(N(c3ccc(-c4ccc(C=Cc5cccs5)s4)cc3)c3ccc(-c4ccc(C=Cc5cccs5)s4)cc3)cc2)s1
",-0.174,-0.133
317,"COC(=O)c1cc2c(csc2-c2sc3c(c2F)c(OC)c2scc(F)c2c3OC)s1
",-0.179,-0.113
318,"COc1c2sc(-c3ccc(C4=C5C(=O)N(C)C(c6cccs6)=C5C(=O)N4C)s3)cc2cc2c1cc1cc(-c3ccc(C4=C5C(=O)N(C)C(c6cccs6)=C5C(=O)N4C)s3)sc1c2OC
",-0.168,-0.132
319,"Cn1c(-c2ccc(C=C(C#N)C(=O)O)s2)ccc1-c1ccc(-c2ccc3c(c2)C(C)(C)c2cc(N(c4ccccc4)c4ccccc4)ccc2-3)s1
",-0.17,-0.123
320,"COc1c2cc(-c3cccs3)sc2c(OC)c2ccsc21
",-0.172,-0.088
321,"C(=Cc1ccc(N(c2ccccc2)c2ccccc2)cc1)c1ccc(-c2ccc(-c3ccc(C=Cc4ccc(N(c5ccccc5)c5ccccc5)cc4)s3)c3nsnc32)s1
",-0.16,-0.123
322,"CC1(C)c2cc(C=C(C#N)C(=O)O)sc2-c2sc(-c3ccc(N(c4ccc(N5c6ccccc6Sc6ccccc65)cc4)c4ccc(N5c6ccccc6Sc6ccccc65)cc4)cc3)cc21
",-0.167,-0.131
323,"Cc1csc(-c2nnc(-c3cc(C)c(-c4cc5c(s4)-c4sccc4C5(C)C)s3)nn2)c1
",-0.174,-0.124
324,"COc1c(OC)c(-c2ccc(-c3ccc4c(c3)C(C)(C)c3ccccc3-4)s2)c2nsnc2c1-c1cccs1
",-0.172,-0.121
325,"COC(=O)c1cc2csc(-c3ccc(-c4ccc(-c5sccc5C)s4)s3)c2s1
",-0.168,-0.107
326,"COc1ccc(N(c2ccc(OC)cc2)c2ccc(-c3sc(-c4cc5sc(C=C(C#N)C(=O)O)cc5s4)c4c3OCCO4)cc2)cc1
",-0.162,-0.119
327,"Cc1nc(-c2nc(C)c(-c3ccc(C4=S=C5c6sccc6C(C)(C)C5=C4)s3)s2)sc1-c1cccs1
",-0.166,-0.112
328,"COc1c2sccc2c2cc(-c3ccc(-c4sc(-c5nc(C)c(-c6cccs6)s5)nc4C)s3)sc2c1OC
",-0.171,-0.113
329,"N#CC(=Cc1ccc(C=Cc2ccc(C=Cc3ccc(N(c4ccccc4)c4ccccc4)cc3)s2)s1)C(=O)O
",-0.173,-0.13
330,"Cc1ccc(-c2c3cc(-c4sc5cc(-c6ccc(-c7csc8c(C)csc78)c7nsnc76)sc5c4C)sc3c(-c3ccc(C)s3)c3ccsc32)s1
",-0.17,-0.126
331,"CN1C(=O)C2=C(c3ccc(-c4cc5ccccc5c5ccccc45)s3)N(C)C(=O)C2=C1c1ccc(-c2cc3ccccc3c3ccccc23)s1
",-0.167,-0.122
332,"CC1(C)c2cc(-c3ccc(-c4ccc(C=C(C#N)C(=O)O)s4)s3)ccc2-c2ccc(N(c3ccccc3)c3cccc4ccccc43)cc21
",-0.175,-0.129
333,"CC1(C)c2cc(-c3ccc(-c4ccc(C=C(C#N)C(=O)O)s4)s3)ccc2-c2ccc(N(c3ccccc3)c3cccc4ccccc43)cc21
",-0.175,-0.13
334,"CC1=CC(c2cc(C)c(-c3sc(-c4cc(C)c(-c5nc6scnc6s5)s4)cc3C)s2)=S=C1
",-0.168,-0.112
335,"COc1cc2c3ccsc3c3sc(-c4cccc5nsnc54)cc3c2cc1OC
",-0.18,-0.122
336,"Cc1nc(-c2nc(C)c(-c3ccc(-c4ccc(N(c5ccccc5)c5ccccc5)cc4)s3)s2)sc1-c1ccc(-c2ccc(N(c3ccccc3)c3ccccc3)cc2)s1
",-0.162,-0.109
337,"COC(=O)c1cc2csc(-c3cccs3)c2s1
",-0.181,-0.103
338,"COC(=O)c1sc2csc(-c3sc4c(c3F)c(OC)c3scc(F)c3c4OC)c2c1F
",-0.18,-0.113
339,"N#CC(=Cc1ccc(C=C(c2ccc(N(c3ccccc3)c3ccccc3)cc2)c2ccc(N(c3ccccc3)c3ccccc3)cc2)s1)C(=O)O
",-0.174,-0.123
340,"CN1C(=O)C2=C(c3ccc(-c4ccco4)o3)N(C)C(=O)C2=C1c1ccco1
",-0.163,-0.117
341,"CN1C(=O)C2=C(c3ccc(C#Cc4cc5ccccc5c5ccccc45)s3)N(C)C(=O)C2=C1c1ccc(C#Cc2cc3ccccc3c3ccccc23)s1
",-0.17,-0.131
342,"COc1ccc(N(c2ccc(OC)cc2)c2ccc(-c3sc(C=C(C#N)C(=O)O)c4c3OCCO4)cc2)cc1
",-0.165,-0.111
343,"CC1(C)c2ccccc2-c2ccc(-c3ccc(-c4ccc(-c5cccs5)c5c4=NC(c4ccccc4)C(c4ccccc4)N=5)s3)cc21
",-0.171,-0.138
344,"Cc1csc(-c2c3nsnc3c(-c3cc(C)c(-c4cc5c(s4)c(C)c4ccsc4c5C)s3)c(F)c2F)c1
",-0.173,-0.128
345,"CC1(C)c2ccccc2-c2ccc(-c3ccc(C4=C(c5ccccc5)C(c5ccccc5)=C(c5cccs5)[Si]4(C)C)s3)cc21
",-0.164,-0.106
346,"Cc1ccc(-c2c3ccsc3c(-c3ccc(C)s3)c3cc(-c4ccc(C5=C6C(=O)N(C)C(c7cccs7)=C6C(=O)N5C)s4)sc32)s1
",-0.167,-0.124
347,"C[Si]1(C)c2ccccc2-c2ccc(-c3ccc(-c4ccc(-c5cccs5)c5nsnc54)s3)cc21
",-0.176,-0.126
348,"N#CC(=Cc1ccc(C=Cc2ccc(-c3ccc(N(c4ccccc4)c4ccccc4)cc3)s2)s1)C(=O)O
",-0.176,-0.131
349,"C=Cc1cc(OC)c(C=Cc2ccc(N(c3ccccc3)c3ccc(C=C(C#N)c4ccc([N+](=O)[O-])cc4)cc3)cc2)cc1OC
",-0.174,-0.129
